{
  "alpha": 0.1,
  "n_calibration_samples": 10944,
  "quantiles": {
    "0_sex": 0.8580175620829383,
    "0_orientation": 0.879121682426984,
    "0_age": 0.9251859572104846,
    "0_communication_style": 0.9237892908855811,
    "0_relationship_goals": 0.8868847018707765,
    "0_big_five_openness": 0.8627308153483682,
    "0_big_five_conscientiousness": 0.8789094595641901,
    "0_big_five_extraversion": 0.8681325158076815,
    "0_big_five_agreeableness": 0.8827245650045485,
    "0_big_five_neuroticism": 0.8744489697337479,
    "0_interest_music": 0.8705495259920788,
    "0_interest_sports": 0.8781049999415953,
    "0_interest_travel": 0.8762833554205153,
    "0_interest_food": 0.8868195421642294,
    "0_interest_arts": 0.8762835326316217,
    "0_interest_tech": 0.8750353318213208,
    "0_interest_outdoors": 0.8628824738207347,
    "0_interest_books": 0.8920400911931995,
    "1_sex": 0.9779511215048922,
    "1_orientation": 0.9490351908270539,
    "1_age": 0.9634308621750459,
    "1_communication_style": 0.9690818658207718,
    "1_relationship_goals": 0.9527045702696287,
    "1_big_five_openness": 0.9549054449355304,
    "1_big_five_conscientiousness": 0.974027488443333,
    "1_big_five_extraversion": 0.9551856210790759,
    "1_big_five_agreeableness": 0.9731113969724771,
    "1_big_five_neuroticism": 0.9691513800247444,
    "1_interest_music": 0.9720633893070716,
    "1_interest_sports": 0.9627175549796454,
    "1_interest_travel": 0.9741085758820557,
    "1_interest_food": 0.9573907241956563,
    "1_interest_arts": 0.9741739601222079,
    "1_interest_tech": 0.9676754813293015,
    "1_interest_outdoors": 0.9629154661585033,
    "1_interest_books": 0.9776561655204514,
    "2_sex": 0.9858393933462023,
    "2_orientation": 0.9966121786587674,
    "2_age": 0.9980153112226364,
    "2_communication_style": 0.1563790896237525,
    "2_relationship_goals": 0.13246425484115854,
    "2_big_five_openness": 0.03370928751951416,
    "2_big_five_conscientiousness": 0.07810091228451728,
    "2_big_five_extraversion": 0.9933934768359072,
    "2_big_five_agreeableness": 0.9995838279237096,
    "2_big_five_neuroticism": 0.9854447186313638,
    "2_interest_music": 0.9825637685397495,
    "2_interest_sports": 0.9701386817529806,
    "2_interest_travel": 0.9805772818891627,
    "2_interest_food": 0.21043257176156413,
    "2_interest_arts": 0.9878110671158772,
    "2_interest_tech": 0.9715993378646588,
    "2_interest_outdoors": 0.07080377696543787,
    "2_interest_books": 0.999807488571306,
    "3_sex": 0.9999993136853089,
    "3_orientation": 0.0020983952566995256,
    "3_age": 0.9999652955324991,
    "3_communication_style": 0.9999874600426448,
    "3_relationship_goals": 0.9998617378616329,
    "3_big_five_openness": 0.9996795477751576,
    "3_big_five_conscientiousness": 0.012003641846162205,
    "3_big_five_extraversion": 0.9999997593504734,
    "3_big_five_agreeableness": 0.9999969303795102,
    "3_big_five_neuroticism": 0.9999846460534176,
    "3_interest_music": 0.999998252886336,
    "3_interest_sports": 0.9999997013575832,
    "3_interest_travel": 0.9997464055543552,
    "3_interest_food": 0.9999656035478939,
    "3_interest_arts": 0.9996197482641361,
    "3_interest_tech": 0.007676778484141722,
    "3_interest_outdoors": 0.9999992415540075,
    "3_interest_books": 0.0020482674346941065
  },
  "global_quantiles": {
    "sex": 0.9189722637019658,
    "orientation": 0.9096623799066391,
    "age": 0.9308961660435943,
    "communication_style": 0.9321124580021595,
    "relationship_goals": 0.8960305450519066,
    "big_five_openness": 0.8887400843841831,
    "big_five_conscientiousness": 0.9101896676246202,
    "big_five_extraversion": 0.8987702502557071,
    "big_five_agreeableness": 0.9196392967835579,
    "big_five_neuroticism": 0.923653419030784,
    "interest_music": 0.8975490045435146,
    "interest_sports": 0.906792066028781,
    "interest_travel": 0.9091556419128818,
    "interest_food": 0.9046225014096014,
    "interest_arts": 0.9200197084670979,
    "interest_tech": 0.9242545516390805,
    "interest_outdoors": 0.90855851467029,
    "interest_books": 0.9443297775076588
  },
  "turn_buckets": [
    [
      1,
      5
    ],
    [
      6,
      10
    ],
    [
      11,
      15
    ],
    [
      16,
      20
    ],
    [
      21,
      25
    ],
    [
      26,
      30
    ]
  ]
}